Year,Open,Close,High,Low,AvgVol,Annual_Return_%
2017,138.39,295.4,300.14,124.93,15359200.48076923,113.45
2018,290.96,529.23,695.95,248.3,14553134.812260536,81.89
2019,539.6,404.94,619.9,351.22,14787962.494252874,-24.96
2020,410.59,750.0,777.32,393.16,14948636.522900764,82.66
2021,751.78,750.0,776.65,723.2,14260065.429118775,-0.24
2022,751.51,750.0,775.38,723.31,14175242.76923077,-0.2
